,URLs,Year,Week
0,https://www.pro-football-reference.com/boxscores/201809060phi.htm,2018,1
1,https://www.pro-football-reference.com/boxscores/201809090cle.htm,2018,1
2,https://www.pro-football-reference.com/boxscores/201809090clt.htm,2018,1
3,https://www.pro-football-reference.com/boxscores/201809090mia.htm,2018,1
4,https://www.pro-football-reference.com/boxscores/201809090min.htm,2018,1
5,https://www.pro-football-reference.com/boxscores/201809090nor.htm,2018,1
6,https://www.pro-football-reference.com/boxscores/201809090nwe.htm,2018,1
7,https://www.pro-football-reference.com/boxscores/201809090nyg.htm,2018,1
8,https://www.pro-football-reference.com/boxscores/201809090rav.htm,2018,1
9,https://www.pro-football-reference.com/boxscores/201809090sdg.htm,2018,1
10,https://www.pro-football-reference.com/boxscores/201809090car.htm,2018,1
11,https://www.pro-football-reference.com/boxscores/201809090crd.htm,2018,1
12,https://www.pro-football-reference.com/boxscores/201809090den.htm,2018,1
13,https://www.pro-football-reference.com/boxscores/201809090gnb.htm,2018,1
14,https://www.pro-football-reference.com/boxscores/201809100det.htm,2018,1
15,https://www.pro-football-reference.com/boxscores/201809100rai.htm,2018,1
16,https://www.pro-football-reference.com/boxscores/201809130cin.htm,2018,2
17,https://www.pro-football-reference.com/boxscores/201809160atl.htm,2018,2
18,https://www.pro-football-reference.com/boxscores/201809160buf.htm,2018,2
19,https://www.pro-football-reference.com/boxscores/201809160gnb.htm,2018,2
20,https://www.pro-football-reference.com/boxscores/201809160nor.htm,2018,2
21,https://www.pro-football-reference.com/boxscores/201809160nyj.htm,2018,2
22,https://www.pro-football-reference.com/boxscores/201809160oti.htm,2018,2
23,https://www.pro-football-reference.com/boxscores/201809160pit.htm,2018,2
24,https://www.pro-football-reference.com/boxscores/201809160tam.htm,2018,2
25,https://www.pro-football-reference.com/boxscores/201809160was.htm,2018,2
26,https://www.pro-football-reference.com/boxscores/201809160ram.htm,2018,2
27,https://www.pro-football-reference.com/boxscores/201809160sfo.htm,2018,2
28,https://www.pro-football-reference.com/boxscores/201809160den.htm,2018,2
29,https://www.pro-football-reference.com/boxscores/201809160jax.htm,2018,2
30,https://www.pro-football-reference.com/boxscores/201809160dal.htm,2018,2
31,https://www.pro-football-reference.com/boxscores/201809170chi.htm,2018,2
32,https://www.pro-football-reference.com/boxscores/201809200cle.htm,2018,3
33,https://www.pro-football-reference.com/boxscores/201809230atl.htm,2018,3
34,https://www.pro-football-reference.com/boxscores/201809230car.htm,2018,3
35,https://www.pro-football-reference.com/boxscores/201809230htx.htm,2018,3
36,https://www.pro-football-reference.com/boxscores/201809230jax.htm,2018,3
37,https://www.pro-football-reference.com/boxscores/201809230kan.htm,2018,3
38,https://www.pro-football-reference.com/boxscores/201809230mia.htm,2018,3
39,https://www.pro-football-reference.com/boxscores/201809230min.htm,2018,3
40,https://www.pro-football-reference.com/boxscores/201809230phi.htm,2018,3
41,https://www.pro-football-reference.com/boxscores/201809230rav.htm,2018,3
42,https://www.pro-football-reference.com/boxscores/201809230was.htm,2018,3
43,https://www.pro-football-reference.com/boxscores/201809230ram.htm,2018,3
44,https://www.pro-football-reference.com/boxscores/201809230crd.htm,2018,3
45,https://www.pro-football-reference.com/boxscores/201809230sea.htm,2018,3
46,https://www.pro-football-reference.com/boxscores/201809230det.htm,2018,3
47,https://www.pro-football-reference.com/boxscores/201809240tam.htm,2018,3
48,https://www.pro-football-reference.com/boxscores/201809270ram.htm,2018,4
49,https://www.pro-football-reference.com/boxscores/201809300atl.htm,2018,4
50,https://www.pro-football-reference.com/boxscores/201809300chi.htm,2018,4
51,https://www.pro-football-reference.com/boxscores/201809300clt.htm,2018,4
52,https://www.pro-football-reference.com/boxscores/201809300dal.htm,2018,4
53,https://www.pro-football-reference.com/boxscores/201809300gnb.htm,2018,4
54,https://www.pro-football-reference.com/boxscores/201809300jax.htm,2018,4
55,https://www.pro-football-reference.com/boxscores/201809300nwe.htm,2018,4
56,https://www.pro-football-reference.com/boxscores/201809300oti.htm,2018,4
57,https://www.pro-football-reference.com/boxscores/201809300crd.htm,2018,4
58,https://www.pro-football-reference.com/boxscores/201809300rai.htm,2018,4
59,https://www.pro-football-reference.com/boxscores/201809300nyg.htm,2018,4
60,https://www.pro-football-reference.com/boxscores/201809300sdg.htm,2018,4
61,https://www.pro-football-reference.com/boxscores/201809300pit.htm,2018,4
62,https://www.pro-football-reference.com/boxscores/201810010den.htm,2018,4
63,https://www.pro-football-reference.com/boxscores/201810040nwe.htm,2018,5
64,https://www.pro-football-reference.com/boxscores/201810070buf.htm,2018,5
65,https://www.pro-football-reference.com/boxscores/201810070car.htm,2018,5
66,https://www.pro-football-reference.com/boxscores/201810070cin.htm,2018,5
67,https://www.pro-football-reference.com/boxscores/201810070cle.htm,2018,5
68,https://www.pro-football-reference.com/boxscores/201810070det.htm,2018,5
69,https://www.pro-football-reference.com/boxscores/201810070kan.htm,2018,5
70,https://www.pro-football-reference.com/boxscores/201810070nyj.htm,2018,5
71,https://www.pro-football-reference.com/boxscores/201810070pit.htm,2018,5
72,https://www.pro-football-reference.com/boxscores/201810070sdg.htm,2018,5
73,https://www.pro-football-reference.com/boxscores/201810070phi.htm,2018,5
74,https://www.pro-football-reference.com/boxscores/201810070sea.htm,2018,5
75,https://www.pro-football-reference.com/boxscores/201810070sfo.htm,2018,5
76,https://www.pro-football-reference.com/boxscores/201810070htx.htm,2018,5
77,https://www.pro-football-reference.com/boxscores/201810080nor.htm,2018,5
78,https://www.pro-football-reference.com/boxscores/201810110nyg.htm,2018,6
79,https://www.pro-football-reference.com/boxscores/201810140atl.htm,2018,6
80,https://www.pro-football-reference.com/boxscores/201810140cin.htm,2018,6
81,https://www.pro-football-reference.com/boxscores/201810140cle.htm,2018,6
82,https://www.pro-football-reference.com/boxscores/201810140htx.htm,2018,6
83,https://www.pro-football-reference.com/boxscores/201810140mia.htm,2018,6
84,https://www.pro-football-reference.com/boxscores/201810140min.htm,2018,6
85,https://www.pro-football-reference.com/boxscores/201810140nyj.htm,2018,6
86,https://www.pro-football-reference.com/boxscores/201810140rai.htm,2018,6
87,https://www.pro-football-reference.com/boxscores/201810140was.htm,2018,6
88,https://www.pro-football-reference.com/boxscores/201810140den.htm,2018,6
89,https://www.pro-football-reference.com/boxscores/201810140dal.htm,2018,6
90,https://www.pro-football-reference.com/boxscores/201810140oti.htm,2018,6
91,https://www.pro-football-reference.com/boxscores/201810140nwe.htm,2018,6
92,https://www.pro-football-reference.com/boxscores/201810150gnb.htm,2018,6
93,https://www.pro-football-reference.com/boxscores/201810180crd.htm,2018,7
94,https://www.pro-football-reference.com/boxscores/201810210sdg.htm,2018,7
95,https://www.pro-football-reference.com/boxscores/201810210chi.htm,2018,7
96,https://www.pro-football-reference.com/boxscores/201810210clt.htm,2018,7
97,https://www.pro-football-reference.com/boxscores/201810210jax.htm,2018,7
98,https://www.pro-football-reference.com/boxscores/201810210mia.htm,2018,7
99,https://www.pro-football-reference.com/boxscores/201810210nyj.htm,2018,7
100,https://www.pro-football-reference.com/boxscores/201810210phi.htm,2018,7
101,https://www.pro-football-reference.com/boxscores/201810210tam.htm,2018,7
102,https://www.pro-football-reference.com/boxscores/201810210rav.htm,2018,7
103,https://www.pro-football-reference.com/boxscores/201810210sfo.htm,2018,7
104,https://www.pro-football-reference.com/boxscores/201810210was.htm,2018,7
105,https://www.pro-football-reference.com/boxscores/201810210kan.htm,2018,7
106,https://www.pro-football-reference.com/boxscores/201810220atl.htm,2018,7
107,https://www.pro-football-reference.com/boxscores/201810250htx.htm,2018,8
108,https://www.pro-football-reference.com/boxscores/201810280jax.htm,2018,8
109,https://www.pro-football-reference.com/boxscores/201810280car.htm,2018,8
110,https://www.pro-football-reference.com/boxscores/201810280chi.htm,2018,8
111,https://www.pro-football-reference.com/boxscores/201810280cin.htm,2018,8
112,https://www.pro-football-reference.com/boxscores/201810280det.htm,2018,8
113,https://www.pro-football-reference.com/boxscores/201810280kan.htm,2018,8
114,https://www.pro-football-reference.com/boxscores/201810280nyg.htm,2018,8
115,https://www.pro-football-reference.com/boxscores/201810280pit.htm,2018,8
116,https://www.pro-football-reference.com/boxscores/201810280rai.htm,2018,8
117,https://www.pro-football-reference.com/boxscores/201810280crd.htm,2018,8
118,https://www.pro-football-reference.com/boxscores/201810280ram.htm,2018,8
119,https://www.pro-football-reference.com/boxscores/201810280min.htm,2018,8
120,https://www.pro-football-reference.com/boxscores/201810290buf.htm,2018,8
121,https://www.pro-football-reference.com/boxscores/201811010sfo.htm,2018,9
122,https://www.pro-football-reference.com/boxscores/201811040buf.htm,2018,9
123,https://www.pro-football-reference.com/boxscores/201811040car.htm,2018,9
124,https://www.pro-football-reference.com/boxscores/201811040cle.htm,2018,9
125,https://www.pro-football-reference.com/boxscores/201811040mia.htm,2018,9
126,https://www.pro-football-reference.com/boxscores/201811040min.htm,2018,9
127,https://www.pro-football-reference.com/boxscores/201811040rav.htm,2018,9
128,https://www.pro-football-reference.com/boxscores/201811040was.htm,2018,9
129,https://www.pro-football-reference.com/boxscores/201811040den.htm,2018,9
130,https://www.pro-football-reference.com/boxscores/201811040sea.htm,2018,9
131,https://www.pro-football-reference.com/boxscores/201811040nor.htm,2018,9
132,https://www.pro-football-reference.com/boxscores/201811040nwe.htm,2018,9
133,https://www.pro-football-reference.com/boxscores/201811050dal.htm,2018,9
134,https://www.pro-football-reference.com/boxscores/201811080pit.htm,2018,10
135,https://www.pro-football-reference.com/boxscores/201811110chi.htm,2018,10
136,https://www.pro-football-reference.com/boxscores/201811110cin.htm,2018,10
137,https://www.pro-football-reference.com/boxscores/201811110cle.htm,2018,10
138,https://www.pro-football-reference.com/boxscores/201811110clt.htm,2018,10
139,https://www.pro-football-reference.com/boxscores/201811110kan.htm,2018,10
140,https://www.pro-football-reference.com/boxscores/201811110nyj.htm,2018,10
141,https://www.pro-football-reference.com/boxscores/201811110oti.htm,2018,10
142,https://www.pro-football-reference.com/boxscores/201811110tam.htm,2018,10
143,https://www.pro-football-reference.com/boxscores/201811110rai.htm,2018,10
144,https://www.pro-football-reference.com/boxscores/201811110gnb.htm,2018,10
145,https://www.pro-football-reference.com/boxscores/201811110ram.htm,2018,10
146,https://www.pro-football-reference.com/boxscores/201811110phi.htm,2018,10
147,https://www.pro-football-reference.com/boxscores/201811120sfo.htm,2018,10
148,https://www.pro-football-reference.com/boxscores/201811150sea.htm,2018,11
149,https://www.pro-football-reference.com/boxscores/201811180atl.htm,2018,11
150,https://www.pro-football-reference.com/boxscores/201811180clt.htm,2018,11
151,https://www.pro-football-reference.com/boxscores/201811180det.htm,2018,11
152,https://www.pro-football-reference.com/boxscores/201811180jax.htm,2018,11
153,https://www.pro-football-reference.com/boxscores/201811180nyg.htm,2018,11
154,https://www.pro-football-reference.com/boxscores/201811180rav.htm,2018,11
155,https://www.pro-football-reference.com/boxscores/201811180was.htm,2018,11
156,https://www.pro-football-reference.com/boxscores/201811180crd.htm,2018,11
157,https://www.pro-football-reference.com/boxscores/201811180sdg.htm,2018,11
158,https://www.pro-football-reference.com/boxscores/201811180nor.htm,2018,11
159,https://www.pro-football-reference.com/boxscores/201811180chi.htm,2018,11
160,https://www.pro-football-reference.com/boxscores/201811190ram.htm,2018,11
161,https://www.pro-football-reference.com/boxscores/201811220det.htm,2018,12
162,https://www.pro-football-reference.com/boxscores/201811220dal.htm,2018,12
163,https://www.pro-football-reference.com/boxscores/201811220nor.htm,2018,12
164,https://www.pro-football-reference.com/boxscores/201811250buf.htm,2018,12
165,https://www.pro-football-reference.com/boxscores/201811250car.htm,2018,12
166,https://www.pro-football-reference.com/boxscores/201811250cin.htm,2018,12
167,https://www.pro-football-reference.com/boxscores/201811250nyj.htm,2018,12
168,https://www.pro-football-reference.com/boxscores/201811250phi.htm,2018,12
169,https://www.pro-football-reference.com/boxscores/201811250rav.htm,2018,12
170,https://www.pro-football-reference.com/boxscores/201811250tam.htm,2018,12
171,https://www.pro-football-reference.com/boxscores/201811250sdg.htm,2018,12
172,https://www.pro-football-reference.com/boxscores/201811250clt.htm,2018,12
173,https://www.pro-football-reference.com/boxscores/201811250den.htm,2018,12
174,https://www.pro-football-reference.com/boxscores/201811250min.htm,2018,12
175,https://www.pro-football-reference.com/boxscores/201811260htx.htm,2018,12
176,https://www.pro-football-reference.com/boxscores/201811290dal.htm,2018,13
177,https://www.pro-football-reference.com/boxscores/201812020atl.htm,2018,13
178,https://www.pro-football-reference.com/boxscores/201812020cin.htm,2018,13
179,https://www.pro-football-reference.com/boxscores/201812020det.htm,2018,13
180,https://www.pro-football-reference.com/boxscores/201812020gnb.htm,2018,13
181,https://www.pro-football-reference.com/boxscores/201812020htx.htm,2018,13
182,https://www.pro-football-reference.com/boxscores/201812020jax.htm,2018,13
183,https://www.pro-football-reference.com/boxscores/201812020mia.htm,2018,13
184,https://www.pro-football-reference.com/boxscores/201812020nyg.htm,2018,13
185,https://www.pro-football-reference.com/boxscores/201812020tam.htm,2018,13
186,https://www.pro-football-reference.com/boxscores/201812020oti.htm,2018,13
187,https://www.pro-football-reference.com/boxscores/201812020rai.htm,2018,13
188,https://www.pro-football-reference.com/boxscores/201812020nwe.htm,2018,13
189,https://www.pro-football-reference.com/boxscores/201812020sea.htm,2018,13
190,https://www.pro-football-reference.com/boxscores/201812020pit.htm,2018,13
191,https://www.pro-football-reference.com/boxscores/201812030phi.htm,2018,13
192,https://www.pro-football-reference.com/boxscores/201812060oti.htm,2018,14
193,https://www.pro-football-reference.com/boxscores/201812090buf.htm,2018,14
194,https://www.pro-football-reference.com/boxscores/201812090cle.htm,2018,14
195,https://www.pro-football-reference.com/boxscores/201812090gnb.htm,2018,14
196,https://www.pro-football-reference.com/boxscores/201812090htx.htm,2018,14
197,https://www.pro-football-reference.com/boxscores/201812090kan.htm,2018,14
198,https://www.pro-football-reference.com/boxscores/201812090mia.htm,2018,14
199,https://www.pro-football-reference.com/boxscores/201812090tam.htm,2018,14
200,https://www.pro-football-reference.com/boxscores/201812090was.htm,2018,14
201,https://www.pro-football-reference.com/boxscores/201812090sdg.htm,2018,14
202,https://www.pro-football-reference.com/boxscores/201812090sfo.htm,2018,14
203,https://www.pro-football-reference.com/boxscores/201812090crd.htm,2018,14
204,https://www.pro-football-reference.com/boxscores/201812090dal.htm,2018,14
205,https://www.pro-football-reference.com/boxscores/201812090rai.htm,2018,14
206,https://www.pro-football-reference.com/boxscores/201812090chi.htm,2018,14
207,https://www.pro-football-reference.com/boxscores/201812100sea.htm,2018,14
208,https://www.pro-football-reference.com/boxscores/201812130kan.htm,2018,15
209,https://www.pro-football-reference.com/boxscores/201812150nyj.htm,2018,15
210,https://www.pro-football-reference.com/boxscores/201812150den.htm,2018,15
211,https://www.pro-football-reference.com/boxscores/201812160atl.htm,2018,15
212,https://www.pro-football-reference.com/boxscores/201812160buf.htm,2018,15
213,https://www.pro-football-reference.com/boxscores/201812160chi.htm,2018,15
214,https://www.pro-football-reference.com/boxscores/201812160cin.htm,2018,15
215,https://www.pro-football-reference.com/boxscores/201812160clt.htm,2018,15
216,https://www.pro-football-reference.com/boxscores/201812160jax.htm,2018,15
217,https://www.pro-football-reference.com/boxscores/201812160min.htm,2018,15
218,https://www.pro-football-reference.com/boxscores/201812160nyg.htm,2018,15
219,https://www.pro-football-reference.com/boxscores/201812160rav.htm,2018,15
220,https://www.pro-football-reference.com/boxscores/201812160sfo.htm,2018,15
221,https://www.pro-football-reference.com/boxscores/201812160pit.htm,2018,15
222,https://www.pro-football-reference.com/boxscores/201812160ram.htm,2018,15
223,https://www.pro-football-reference.com/boxscores/201812170car.htm,2018,15
224,https://www.pro-football-reference.com/boxscores/201812220oti.htm,2018,16
225,https://www.pro-football-reference.com/boxscores/201812220sdg.htm,2018,16
226,https://www.pro-football-reference.com/boxscores/201812230car.htm,2018,16
227,https://www.pro-football-reference.com/boxscores/201812230cle.htm,2018,16
228,https://www.pro-football-reference.com/boxscores/201812230clt.htm,2018,16
229,https://www.pro-football-reference.com/boxscores/201812230dal.htm,2018,16
230,https://www.pro-football-reference.com/boxscores/201812230det.htm,2018,16
231,https://www.pro-football-reference.com/boxscores/201812230mia.htm,2018,16
232,https://www.pro-football-reference.com/boxscores/201812230nwe.htm,2018,16
233,https://www.pro-football-reference.com/boxscores/201812230nyj.htm,2018,16
234,https://www.pro-football-reference.com/boxscores/201812230phi.htm,2018,16
235,https://www.pro-football-reference.com/boxscores/201812230crd.htm,2018,16
236,https://www.pro-football-reference.com/boxscores/201812230sfo.htm,2018,16
237,https://www.pro-football-reference.com/boxscores/201812230nor.htm,2018,16
238,https://www.pro-football-reference.com/boxscores/201812230sea.htm,2018,16
239,https://www.pro-football-reference.com/boxscores/201812240rai.htm,2018,16
240,https://www.pro-football-reference.com/boxscores/201812300buf.htm,2018,17
241,https://www.pro-football-reference.com/boxscores/201812300gnb.htm,2018,17
242,https://www.pro-football-reference.com/boxscores/201812300htx.htm,2018,17
243,https://www.pro-football-reference.com/boxscores/201812300nor.htm,2018,17
244,https://www.pro-football-reference.com/boxscores/201812300nwe.htm,2018,17
245,https://www.pro-football-reference.com/boxscores/201812300nyg.htm,2018,17
246,https://www.pro-football-reference.com/boxscores/201812300tam.htm,2018,17
247,https://www.pro-football-reference.com/boxscores/201812300den.htm,2018,17
248,https://www.pro-football-reference.com/boxscores/201812300kan.htm,2018,17
249,https://www.pro-football-reference.com/boxscores/201812300min.htm,2018,17
250,https://www.pro-football-reference.com/boxscores/201812300pit.htm,2018,17
251,https://www.pro-football-reference.com/boxscores/201812300ram.htm,2018,17
252,https://www.pro-football-reference.com/boxscores/201812300rav.htm,2018,17
253,https://www.pro-football-reference.com/boxscores/201812300sea.htm,2018,17
254,https://www.pro-football-reference.com/boxscores/201812300was.htm,2018,17
255,https://www.pro-football-reference.com/boxscores/201812300oti.htm,2018,17
256,https://www.pro-football-reference.com/boxscores/201909050chi.htm,2019,1
257,https://www.pro-football-reference.com/boxscores/201909080car.htm,2019,1
258,https://www.pro-football-reference.com/boxscores/201909080cle.htm,2019,1
259,https://www.pro-football-reference.com/boxscores/201909080jax.htm,2019,1
260,https://www.pro-football-reference.com/boxscores/201909080mia.htm,2019,1
261,https://www.pro-football-reference.com/boxscores/201909080min.htm,2019,1
262,https://www.pro-football-reference.com/boxscores/201909080nyj.htm,2019,1
263,https://www.pro-football-reference.com/boxscores/201909080phi.htm,2019,1
264,https://www.pro-football-reference.com/boxscores/201909080sdg.htm,2019,1
265,https://www.pro-football-reference.com/boxscores/201909080sea.htm,2019,1
266,https://www.pro-football-reference.com/boxscores/201909080crd.htm,2019,1
267,https://www.pro-football-reference.com/boxscores/201909080dal.htm,2019,1
268,https://www.pro-football-reference.com/boxscores/201909080tam.htm,2019,1
269,https://www.pro-football-reference.com/boxscores/201909080nwe.htm,2019,1
270,https://www.pro-football-reference.com/boxscores/201909090nor.htm,2019,1
271,https://www.pro-football-reference.com/boxscores/201909090rai.htm,2019,1
272,https://www.pro-football-reference.com/boxscores/201909120car.htm,2019,2
273,https://www.pro-football-reference.com/boxscores/201909150cin.htm,2019,2
274,https://www.pro-football-reference.com/boxscores/201909150det.htm,2019,2
275,https://www.pro-football-reference.com/boxscores/201909150gnb.htm,2019,2
276,https://www.pro-football-reference.com/boxscores/201909150htx.htm,2019,2
277,https://www.pro-football-reference.com/boxscores/201909150mia.htm,2019,2
278,https://www.pro-football-reference.com/boxscores/201909150nyg.htm,2019,2
279,https://www.pro-football-reference.com/boxscores/201909150oti.htm,2019,2
280,https://www.pro-football-reference.com/boxscores/201909150pit.htm,2019,2
281,https://www.pro-football-reference.com/boxscores/201909150rav.htm,2019,2
282,https://www.pro-football-reference.com/boxscores/201909150was.htm,2019,2
283,https://www.pro-football-reference.com/boxscores/201909150rai.htm,2019,2
284,https://www.pro-football-reference.com/boxscores/201909150den.htm,2019,2
285,https://www.pro-football-reference.com/boxscores/201909150ram.htm,2019,2
286,https://www.pro-football-reference.com/boxscores/201909150atl.htm,2019,2
287,https://www.pro-football-reference.com/boxscores/201909160nyj.htm,2019,2
288,https://www.pro-football-reference.com/boxscores/201909190jax.htm,2019,3
289,https://www.pro-football-reference.com/boxscores/201909220buf.htm,2019,3
290,https://www.pro-football-reference.com/boxscores/201909220clt.htm,2019,3
291,https://www.pro-football-reference.com/boxscores/201909220dal.htm,2019,3
292,https://www.pro-football-reference.com/boxscores/201909220gnb.htm,2019,3
293,https://www.pro-football-reference.com/boxscores/201909220kan.htm,2019,3
294,https://www.pro-football-reference.com/boxscores/201909220min.htm,2019,3
295,https://www.pro-football-reference.com/boxscores/201909220nwe.htm,2019,3
296,https://www.pro-football-reference.com/boxscores/201909220phi.htm,2019,3
297,https://www.pro-football-reference.com/boxscores/201909220crd.htm,2019,3
298,https://www.pro-football-reference.com/boxscores/201909220tam.htm,2019,3
299,https://www.pro-football-reference.com/boxscores/201909220sdg.htm,2019,3
300,https://www.pro-football-reference.com/boxscores/201909220sea.htm,2019,3
301,https://www.pro-football-reference.com/boxscores/201909220sfo.htm,2019,3
302,https://www.pro-football-reference.com/boxscores/201909220cle.htm,2019,3
303,https://www.pro-football-reference.com/boxscores/201909230was.htm,2019,3
304,https://www.pro-football-reference.com/boxscores/201909260gnb.htm,2019,4
305,https://www.pro-football-reference.com/boxscores/201909290atl.htm,2019,4
306,https://www.pro-football-reference.com/boxscores/201909290buf.htm,2019,4
307,https://www.pro-football-reference.com/boxscores/201909290clt.htm,2019,4
308,https://www.pro-football-reference.com/boxscores/201909290det.htm,2019,4
309,https://www.pro-football-reference.com/boxscores/201909290htx.htm,2019,4
310,https://www.pro-football-reference.com/boxscores/201909290mia.htm,2019,4
311,https://www.pro-football-reference.com/boxscores/201909290nyg.htm,2019,4
312,https://www.pro-football-reference.com/boxscores/201909290rav.htm,2019,4
313,https://www.pro-football-reference.com/boxscores/201909290crd.htm,2019,4
314,https://www.pro-football-reference.com/boxscores/201909290ram.htm,2019,4
315,https://www.pro-football-reference.com/boxscores/201909290chi.htm,2019,4
316,https://www.pro-football-reference.com/boxscores/201909290den.htm,2019,4
317,https://www.pro-football-reference.com/boxscores/201909290nor.htm,2019,4
318,https://www.pro-football-reference.com/boxscores/201909300pit.htm,2019,4
319,https://www.pro-football-reference.com/boxscores/201910030sea.htm,2019,5
320,https://www.pro-football-reference.com/boxscores/201910060car.htm,2019,5
321,https://www.pro-football-reference.com/boxscores/201910060cin.htm,2019,5
322,https://www.pro-football-reference.com/boxscores/201910060htx.htm,2019,5
323,https://www.pro-football-reference.com/boxscores/201910060nor.htm,2019,5
324,https://www.pro-football-reference.com/boxscores/201910060nyg.htm,2019,5
325,https://www.pro-football-reference.com/boxscores/201910060oti.htm,2019,5
326,https://www.pro-football-reference.com/boxscores/201910060phi.htm,2019,5
327,https://www.pro-football-reference.com/boxscores/201910060pit.htm,2019,5
328,https://www.pro-football-reference.com/boxscores/201910060rai.htm,2019,5
329,https://www.pro-football-reference.com/boxscores/201910060was.htm,2019,5
330,https://www.pro-football-reference.com/boxscores/201910060sdg.htm,2019,5
331,https://www.pro-football-reference.com/boxscores/201910060dal.htm,2019,5
332,https://www.pro-football-reference.com/boxscores/201910060kan.htm,2019,5
333,https://www.pro-football-reference.com/boxscores/201910070sfo.htm,2019,5
334,https://www.pro-football-reference.com/boxscores/201910100nwe.htm,2019,6
335,https://www.pro-football-reference.com/boxscores/201910130tam.htm,2019,6
336,https://www.pro-football-reference.com/boxscores/201910130cle.htm,2019,6
337,https://www.pro-football-reference.com/boxscores/201910130jax.htm,2019,6
338,https://www.pro-football-reference.com/boxscores/201910130kan.htm,2019,6
339,https://www.pro-football-reference.com/boxscores/201910130mia.htm,2019,6
340,https://www.pro-football-reference.com/boxscores/201910130min.htm,2019,6
341,https://www.pro-football-reference.com/boxscores/201910130rav.htm,2019,6
342,https://www.pro-football-reference.com/boxscores/201910130crd.htm,2019,6
343,https://www.pro-football-reference.com/boxscores/201910130ram.htm,2019,6
344,https://www.pro-football-reference.com/boxscores/201910130den.htm,2019,6
345,https://www.pro-football-reference.com/boxscores/201910130nyj.htm,2019,6
346,https://www.pro-football-reference.com/boxscores/201910130sdg.htm,2019,6
347,https://www.pro-football-reference.com/boxscores/201910140gnb.htm,2019,6
348,https://www.pro-football-reference.com/boxscores/201910170den.htm,2019,7
349,https://www.pro-football-reference.com/boxscores/201910200atl.htm,2019,7
350,https://www.pro-football-reference.com/boxscores/201910200buf.htm,2019,7
351,https://www.pro-football-reference.com/boxscores/201910200cin.htm,2019,7
352,https://www.pro-football-reference.com/boxscores/201910200clt.htm,2019,7
353,https://www.pro-football-reference.com/boxscores/201910200det.htm,2019,7
354,https://www.pro-football-reference.com/boxscores/201910200gnb.htm,2019,7
355,https://www.pro-football-reference.com/boxscores/201910200nyg.htm,2019,7
356,https://www.pro-football-reference.com/boxscores/201910200was.htm,2019,7
357,https://www.pro-football-reference.com/boxscores/201910200oti.htm,2019,7
358,https://www.pro-football-reference.com/boxscores/201910200chi.htm,2019,7
359,https://www.pro-football-reference.com/boxscores/201910200sea.htm,2019,7
360,https://www.pro-football-reference.com/boxscores/201910200dal.htm,2019,7
361,https://www.pro-football-reference.com/boxscores/201910210nyj.htm,2019,7
362,https://www.pro-football-reference.com/boxscores/201910240min.htm,2019,8
363,https://www.pro-football-reference.com/boxscores/201910270atl.htm,2019,8
364,https://www.pro-football-reference.com/boxscores/201910270buf.htm,2019,8
365,https://www.pro-football-reference.com/boxscores/201910270chi.htm,2019,8
366,https://www.pro-football-reference.com/boxscores/201910270clt.htm,2019,8
367,https://www.pro-football-reference.com/boxscores/201910270det.htm,2019,8
368,https://www.pro-football-reference.com/boxscores/201910270jax.htm,2019,8
369,https://www.pro-football-reference.com/boxscores/201910270nor.htm,2019,8
370,https://www.pro-football-reference.com/boxscores/201910270oti.htm,2019,8
371,https://www.pro-football-reference.com/boxscores/201910270ram.htm,2019,8
372,https://www.pro-football-reference.com/boxscores/201910270sfo.htm,2019,8
373,https://www.pro-football-reference.com/boxscores/201910270htx.htm,2019,8
374,https://www.pro-football-reference.com/boxscores/201910270nwe.htm,2019,8
375,https://www.pro-football-reference.com/boxscores/201910270kan.htm,2019,8
376,https://www.pro-football-reference.com/boxscores/201910280pit.htm,2019,8
377,https://www.pro-football-reference.com/boxscores/201910310crd.htm,2019,9
378,https://www.pro-football-reference.com/boxscores/201911030jax.htm,2019,9
379,https://www.pro-football-reference.com/boxscores/201911030buf.htm,2019,9
380,https://www.pro-football-reference.com/boxscores/201911030car.htm,2019,9
381,https://www.pro-football-reference.com/boxscores/201911030kan.htm,2019,9
382,https://www.pro-football-reference.com/boxscores/201911030mia.htm,2019,9
383,https://www.pro-football-reference.com/boxscores/201911030phi.htm,2019,9
384,https://www.pro-football-reference.com/boxscores/201911030pit.htm,2019,9
385,https://www.pro-football-reference.com/boxscores/201911030rai.htm,2019,9
386,https://www.pro-football-reference.com/boxscores/201911030sea.htm,2019,9
387,https://www.pro-football-reference.com/boxscores/201911030den.htm,2019,9
388,https://www.pro-football-reference.com/boxscores/201911030sdg.htm,2019,9
389,https://www.pro-football-reference.com/boxscores/201911030rav.htm,2019,9
390,https://www.pro-football-reference.com/boxscores/201911040nyg.htm,2019,9
391,https://www.pro-football-reference.com/boxscores/201911070rai.htm,2019,10
392,https://www.pro-football-reference.com/boxscores/201911100chi.htm,2019,10
393,https://www.pro-football-reference.com/boxscores/201911100cin.htm,2019,10
394,https://www.pro-football-reference.com/boxscores/201911100cle.htm,2019,10
395,https://www.pro-football-reference.com/boxscores/201911100nor.htm,2019,10
396,https://www.pro-football-reference.com/boxscores/201911100nyj.htm,2019,10
397,https://www.pro-football-reference.com/boxscores/201911100oti.htm,2019,10
398,https://www.pro-football-reference.com/boxscores/201911100tam.htm,2019,10
399,https://www.pro-football-reference.com/boxscores/201911100clt.htm,2019,10
400,https://www.pro-football-reference.com/boxscores/201911100gnb.htm,2019,10
401,https://www.pro-football-reference.com/boxscores/201911100pit.htm,2019,10
402,https://www.pro-football-reference.com/boxscores/201911100dal.htm,2019,10
403,https://www.pro-football-reference.com/boxscores/201911110sfo.htm,2019,10
404,https://www.pro-football-reference.com/boxscores/201911140cle.htm,2019,11
405,https://www.pro-football-reference.com/boxscores/201911170car.htm,2019,11
406,https://www.pro-football-reference.com/boxscores/201911170clt.htm,2019,11
407,https://www.pro-football-reference.com/boxscores/201911170det.htm,2019,11
408,https://www.pro-football-reference.com/boxscores/201911170mia.htm,2019,11
409,https://www.pro-football-reference.com/boxscores/201911170min.htm,2019,11
410,https://www.pro-football-reference.com/boxscores/201911170rav.htm,2019,11
411,https://www.pro-football-reference.com/boxscores/201911170tam.htm,2019,11
412,https://www.pro-football-reference.com/boxscores/201911170was.htm,2019,11
413,https://www.pro-football-reference.com/boxscores/201911170sfo.htm,2019,11
414,https://www.pro-football-reference.com/boxscores/201911170phi.htm,2019,11
415,https://www.pro-football-reference.com/boxscores/201911170rai.htm,2019,11
416,https://www.pro-football-reference.com/boxscores/201911170ram.htm,2019,11
417,https://www.pro-football-reference.com/boxscores/201911180sdg.htm,2019,11
418,https://www.pro-football-reference.com/boxscores/201911210htx.htm,2019,12
419,https://www.pro-football-reference.com/boxscores/201911240atl.htm,2019,12
420,https://www.pro-football-reference.com/boxscores/201911240buf.htm,2019,12
421,https://www.pro-football-reference.com/boxscores/201911240chi.htm,2019,12
422,https://www.pro-football-reference.com/boxscores/201911240cin.htm,2019,12
423,https://www.pro-football-reference.com/boxscores/201911240cle.htm,2019,12
424,https://www.pro-football-reference.com/boxscores/201911240nor.htm,2019,12
425,https://www.pro-football-reference.com/boxscores/201911240nyj.htm,2019,12
426,https://www.pro-football-reference.com/boxscores/201911240phi.htm,2019,12
427,https://www.pro-football-reference.com/boxscores/201911240was.htm,2019,12
428,https://www.pro-football-reference.com/boxscores/201911240oti.htm,2019,12
429,https://www.pro-football-reference.com/boxscores/201911240nwe.htm,2019,12
430,https://www.pro-football-reference.com/boxscores/201911240sfo.htm,2019,12
431,https://www.pro-football-reference.com/boxscores/201911250ram.htm,2019,12
432,https://www.pro-football-reference.com/boxscores/201911280det.htm,2019,13
433,https://www.pro-football-reference.com/boxscores/201911280dal.htm,2019,13
434,https://www.pro-football-reference.com/boxscores/201911280atl.htm,2019,13
435,https://www.pro-football-reference.com/boxscores/201912010car.htm,2019,13
436,https://www.pro-football-reference.com/boxscores/201912010cin.htm,2019,13
437,https://www.pro-football-reference.com/boxscores/201912010clt.htm,2019,13
438,https://www.pro-football-reference.com/boxscores/201912010jax.htm,2019,13
439,https://www.pro-football-reference.com/boxscores/201912010mia.htm,2019,13
440,https://www.pro-football-reference.com/boxscores/201912010nyg.htm,2019,13
441,https://www.pro-football-reference.com/boxscores/201912010pit.htm,2019,13
442,https://www.pro-football-reference.com/boxscores/201912010rav.htm,2019,13
443,https://www.pro-football-reference.com/boxscores/201912010crd.htm,2019,13
444,https://www.pro-football-reference.com/boxscores/201912010den.htm,2019,13
445,https://www.pro-football-reference.com/boxscores/201912010kan.htm,2019,13
446,https://www.pro-football-reference.com/boxscores/201912010htx.htm,2019,13
447,https://www.pro-football-reference.com/boxscores/201912020sea.htm,2019,13
448,https://www.pro-football-reference.com/boxscores/201912050chi.htm,2019,14
449,https://www.pro-football-reference.com/boxscores/201912080atl.htm,2019,14
450,https://www.pro-football-reference.com/boxscores/201912080buf.htm,2019,14
451,https://www.pro-football-reference.com/boxscores/201912080cle.htm,2019,14
452,https://www.pro-football-reference.com/boxscores/201912080gnb.htm,2019,14
453,https://www.pro-football-reference.com/boxscores/201912080htx.htm,2019,14
454,https://www.pro-football-reference.com/boxscores/201912080min.htm,2019,14
455,https://www.pro-football-reference.com/boxscores/201912080nor.htm,2019,14
456,https://www.pro-football-reference.com/boxscores/201912080nyj.htm,2019,14
457,https://www.pro-football-reference.com/boxscores/201912080tam.htm,2019,14
458,https://www.pro-football-reference.com/boxscores/201912080jax.htm,2019,14
459,https://www.pro-football-reference.com/boxscores/201912080crd.htm,2019,14
460,https://www.pro-football-reference.com/boxscores/201912080nwe.htm,2019,14
461,https://www.pro-football-reference.com/boxscores/201912080rai.htm,2019,14
462,https://www.pro-football-reference.com/boxscores/201912080ram.htm,2019,14
463,https://www.pro-football-reference.com/boxscores/201912090phi.htm,2019,14
464,https://www.pro-football-reference.com/boxscores/201912120rav.htm,2019,15
465,https://www.pro-football-reference.com/boxscores/201912150car.htm,2019,15
466,https://www.pro-football-reference.com/boxscores/201912150cin.htm,2019,15
467,https://www.pro-football-reference.com/boxscores/201912150det.htm,2019,15
468,https://www.pro-football-reference.com/boxscores/201912150gnb.htm,2019,15
469,https://www.pro-football-reference.com/boxscores/201912150kan.htm,2019,15
470,https://www.pro-football-reference.com/boxscores/201912150nyg.htm,2019,15
471,https://www.pro-football-reference.com/boxscores/201912150oti.htm,2019,15
472,https://www.pro-football-reference.com/boxscores/201912150was.htm,2019,15
473,https://www.pro-football-reference.com/boxscores/201912150crd.htm,2019,15
474,https://www.pro-football-reference.com/boxscores/201912150rai.htm,2019,15
475,https://www.pro-football-reference.com/boxscores/201912150sdg.htm,2019,15
476,https://www.pro-football-reference.com/boxscores/201912150dal.htm,2019,15
477,https://www.pro-football-reference.com/boxscores/201912150sfo.htm,2019,15
478,https://www.pro-football-reference.com/boxscores/201912150pit.htm,2019,15
479,https://www.pro-football-reference.com/boxscores/201912160nor.htm,2019,15
480,https://www.pro-football-reference.com/boxscores/201912210tam.htm,2019,16
481,https://www.pro-football-reference.com/boxscores/201912210nwe.htm,2019,16
482,https://www.pro-football-reference.com/boxscores/201912210sfo.htm,2019,16
483,https://www.pro-football-reference.com/boxscores/201912220atl.htm,2019,16
484,https://www.pro-football-reference.com/boxscores/201912220cle.htm,2019,16
485,https://www.pro-football-reference.com/boxscores/201912220clt.htm,2019,16
486,https://www.pro-football-reference.com/boxscores/201912220mia.htm,2019,16
487,https://www.pro-football-reference.com/boxscores/201912220nyj.htm,2019,16
488,https://www.pro-football-reference.com/boxscores/201912220oti.htm,2019,16
489,https://www.pro-football-reference.com/boxscores/201912220was.htm,2019,16
490,https://www.pro-football-reference.com/boxscores/201912220den.htm,2019,16
491,https://www.pro-football-reference.com/boxscores/201912220sdg.htm,2019,16
492,https://www.pro-football-reference.com/boxscores/201912220phi.htm,2019,16
493,https://www.pro-football-reference.com/boxscores/201912220sea.htm,2019,16
494,https://www.pro-football-reference.com/boxscores/201912220chi.htm,2019,16
495,https://www.pro-football-reference.com/boxscores/201912230min.htm,2019,16
496,https://www.pro-football-reference.com/boxscores/201912290buf.htm,2019,17
497,https://www.pro-football-reference.com/boxscores/201912290car.htm,2019,17
498,https://www.pro-football-reference.com/boxscores/201912290cin.htm,2019,17
499,https://www.pro-football-reference.com/boxscores/201912290det.htm,2019,17
500,https://www.pro-football-reference.com/boxscores/201912290kan.htm,2019,17
501,https://www.pro-football-reference.com/boxscores/201912290min.htm,2019,17
502,https://www.pro-football-reference.com/boxscores/201912290nwe.htm,2019,17
503,https://www.pro-football-reference.com/boxscores/201912290tam.htm,2019,17
504,https://www.pro-football-reference.com/boxscores/201912290dal.htm,2019,17
505,https://www.pro-football-reference.com/boxscores/201912290den.htm,2019,17
506,https://www.pro-football-reference.com/boxscores/201912290htx.htm,2019,17
507,https://www.pro-football-reference.com/boxscores/201912290jax.htm,2019,17
508,https://www.pro-football-reference.com/boxscores/201912290nyg.htm,2019,17
509,https://www.pro-football-reference.com/boxscores/201912290ram.htm,2019,17
510,https://www.pro-football-reference.com/boxscores/201912290rav.htm,2019,17
511,https://www.pro-football-reference.com/boxscores/201912290sea.htm,2019,17
512,https://www.pro-football-reference.com/boxscores/202009100kan.htm,2020,1
513,https://www.pro-football-reference.com/boxscores/202009130atl.htm,2020,1
514,https://www.pro-football-reference.com/boxscores/202009130buf.htm,2020,1
515,https://www.pro-football-reference.com/boxscores/202009130car.htm,2020,1
516,https://www.pro-football-reference.com/boxscores/202009130det.htm,2020,1
517,https://www.pro-football-reference.com/boxscores/202009130jax.htm,2020,1
518,https://www.pro-football-reference.com/boxscores/202009130min.htm,2020,1
519,https://www.pro-football-reference.com/boxscores/202009130nwe.htm,2020,1
520,https://www.pro-football-reference.com/boxscores/202009130rav.htm,2020,1
521,https://www.pro-football-reference.com/boxscores/202009130was.htm,2020,1
522,https://www.pro-football-reference.com/boxscores/202009130cin.htm,2020,1
523,https://www.pro-football-reference.com/boxscores/202009130nor.htm,2020,1
524,https://www.pro-football-reference.com/boxscores/202009130sfo.htm,2020,1
525,https://www.pro-football-reference.com/boxscores/202009130ram.htm,2020,1
526,https://www.pro-football-reference.com/boxscores/202009140nyg.htm,2020,1
527,https://www.pro-football-reference.com/boxscores/202009140den.htm,2020,1
528,https://www.pro-football-reference.com/boxscores/202009170cle.htm,2020,2
529,https://www.pro-football-reference.com/boxscores/202009200chi.htm,2020,2
530,https://www.pro-football-reference.com/boxscores/202009200clt.htm,2020,2
531,https://www.pro-football-reference.com/boxscores/202009200dal.htm,2020,2
532,https://www.pro-football-reference.com/boxscores/202009200gnb.htm,2020,2
533,https://www.pro-football-reference.com/boxscores/202009200mia.htm,2020,2
534,https://www.pro-football-reference.com/boxscores/202009200nyj.htm,2020,2
535,https://www.pro-football-reference.com/boxscores/202009200oti.htm,2020,2
536,https://www.pro-football-reference.com/boxscores/202009200phi.htm,2020,2
537,https://www.pro-football-reference.com/boxscores/202009200pit.htm,2020,2
538,https://www.pro-football-reference.com/boxscores/202009200tam.htm,2020,2
539,https://www.pro-football-reference.com/boxscores/202009200crd.htm,2020,2
540,https://www.pro-football-reference.com/boxscores/202009200htx.htm,2020,2
541,https://www.pro-football-reference.com/boxscores/202009200sdg.htm,2020,2
542,https://www.pro-football-reference.com/boxscores/202009200sea.htm,2020,2
543,https://www.pro-football-reference.com/boxscores/202009210rai.htm,2020,2
544,https://www.pro-football-reference.com/boxscores/202009240jax.htm,2020,3
545,https://www.pro-football-reference.com/boxscores/202009270atl.htm,2020,3
546,https://www.pro-football-reference.com/boxscores/202009270buf.htm,2020,3
547,https://www.pro-football-reference.com/boxscores/202009270cle.htm,2020,3
548,https://www.pro-football-reference.com/boxscores/202009270min.htm,2020,3
549,https://www.pro-football-reference.com/boxscores/202009270nwe.htm,2020,3
550,https://www.pro-football-reference.com/boxscores/202009270nyg.htm,2020,3
551,https://www.pro-football-reference.com/boxscores/202009270phi.htm,2020,3
552,https://www.pro-football-reference.com/boxscores/202009270pit.htm,2020,3
553,https://www.pro-football-reference.com/boxscores/202009270clt.htm,2020,3
554,https://www.pro-football-reference.com/boxscores/202009270sdg.htm,2020,3
555,https://www.pro-football-reference.com/boxscores/202009270crd.htm,2020,3
556,https://www.pro-football-reference.com/boxscores/202009270den.htm,2020,3
557,https://www.pro-football-reference.com/boxscores/202009270sea.htm,2020,3
558,https://www.pro-football-reference.com/boxscores/202009270nor.htm,2020,3
559,https://www.pro-football-reference.com/boxscores/202009280rav.htm,2020,3
560,https://www.pro-football-reference.com/boxscores/202010010nyj.htm,2020,4
561,https://www.pro-football-reference.com/boxscores/202010040car.htm,2020,4
562,https://www.pro-football-reference.com/boxscores/202010040chi.htm,2020,4
563,https://www.pro-football-reference.com/boxscores/202010040cin.htm,2020,4
564,https://www.pro-football-reference.com/boxscores/202010040dal.htm,2020,4
565,https://www.pro-football-reference.com/boxscores/202010040det.htm,2020,4
566,https://www.pro-football-reference.com/boxscores/202010040htx.htm,2020,4
567,https://www.pro-football-reference.com/boxscores/202010040mia.htm,2020,4
568,https://www.pro-football-reference.com/boxscores/202010040tam.htm,2020,4
569,https://www.pro-football-reference.com/boxscores/202010040was.htm,2020,4
570,https://www.pro-football-reference.com/boxscores/202010040ram.htm,2020,4
571,https://www.pro-football-reference.com/boxscores/202010040rai.htm,2020,4
572,https://www.pro-football-reference.com/boxscores/202010040sfo.htm,2020,4
573,https://www.pro-football-reference.com/boxscores/202010050kan.htm,2020,4
574,https://www.pro-football-reference.com/boxscores/202010050gnb.htm,2020,4
575,https://www.pro-football-reference.com/boxscores/202010080chi.htm,2020,5
576,https://www.pro-football-reference.com/boxscores/202010110atl.htm,2020,5
577,https://www.pro-football-reference.com/boxscores/202010110htx.htm,2020,5
578,https://www.pro-football-reference.com/boxscores/202010110kan.htm,2020,5
579,https://www.pro-football-reference.com/boxscores/202010110nyj.htm,2020,5
580,https://www.pro-football-reference.com/boxscores/202010110pit.htm,2020,5
581,https://www.pro-football-reference.com/boxscores/202010110rav.htm,2020,5
582,https://www.pro-football-reference.com/boxscores/202010110was.htm,2020,5
583,https://www.pro-football-reference.com/boxscores/202010110sfo.htm,2020,5
584,https://www.pro-football-reference.com/boxscores/202010110cle.htm,2020,5
585,https://www.pro-football-reference.com/boxscores/202010110dal.htm,2020,5
586,https://www.pro-football-reference.com/boxscores/202010110sea.htm,2020,5
587,https://www.pro-football-reference.com/boxscores/202010120nor.htm,2020,5
588,https://www.pro-football-reference.com/boxscores/202010130oti.htm,2020,5
589,https://www.pro-football-reference.com/boxscores/202010180car.htm,2020,6
590,https://www.pro-football-reference.com/boxscores/202010180clt.htm,2020,6
591,https://www.pro-football-reference.com/boxscores/202010180jax.htm,2020,6
592,https://www.pro-football-reference.com/boxscores/202010180min.htm,2020,6
593,https://www.pro-football-reference.com/boxscores/202010180nwe.htm,2020,6
594,https://www.pro-football-reference.com/boxscores/202010180nyg.htm,2020,6
595,https://www.pro-football-reference.com/boxscores/202010180oti.htm,2020,6
596,https://www.pro-football-reference.com/boxscores/202010180phi.htm,2020,6
597,https://www.pro-football-reference.com/boxscores/202010180pit.htm,2020,6
598,https://www.pro-football-reference.com/boxscores/202010180mia.htm,2020,6
599,https://www.pro-football-reference.com/boxscores/202010180tam.htm,2020,6
600,https://www.pro-football-reference.com/boxscores/202010180sfo.htm,2020,6
601,https://www.pro-football-reference.com/boxscores/202010190buf.htm,2020,6
602,https://www.pro-football-reference.com/boxscores/202010190dal.htm,2020,6
603,https://www.pro-football-reference.com/boxscores/202010220phi.htm,2020,7
604,https://www.pro-football-reference.com/boxscores/202010250atl.htm,2020,7
605,https://www.pro-football-reference.com/boxscores/202010250cin.htm,2020,7
606,https://www.pro-football-reference.com/boxscores/202010250htx.htm,2020,7
607,https://www.pro-football-reference.com/boxscores/202010250nor.htm,2020,7
608,https://www.pro-football-reference.com/boxscores/202010250nyj.htm,2020,7
609,https://www.pro-football-reference.com/boxscores/202010250oti.htm,2020,7
610,https://www.pro-football-reference.com/boxscores/202010250was.htm,2020,7
611,https://www.pro-football-reference.com/boxscores/202010250rai.htm,2020,7
612,https://www.pro-football-reference.com/boxscores/202010250den.htm,2020,7
613,https://www.pro-football-reference.com/boxscores/202010250nwe.htm,2020,7
614,https://www.pro-football-reference.com/boxscores/202010250sdg.htm,2020,7
615,https://www.pro-football-reference.com/boxscores/202010250crd.htm,2020,7
616,https://www.pro-football-reference.com/boxscores/202010260ram.htm,2020,7
617,https://www.pro-football-reference.com/boxscores/202010290car.htm,2020,8
618,https://www.pro-football-reference.com/boxscores/202011010buf.htm,2020,8
619,https://www.pro-football-reference.com/boxscores/202011010cin.htm,2020,8
620,https://www.pro-football-reference.com/boxscores/202011010cle.htm,2020,8
621,https://www.pro-football-reference.com/boxscores/202011010det.htm,2020,8
622,https://www.pro-football-reference.com/boxscores/202011010gnb.htm,2020,8
623,https://www.pro-football-reference.com/boxscores/202011010kan.htm,2020,8
624,https://www.pro-football-reference.com/boxscores/202011010mia.htm,2020,8
625,https://www.pro-football-reference.com/boxscores/202011010rav.htm,2020,8
626,https://www.pro-football-reference.com/boxscores/202011010den.htm,2020,8
627,https://www.pro-football-reference.com/boxscores/202011010chi.htm,2020,8
628,https://www.pro-football-reference.com/boxscores/202011010sea.htm,2020,8
629,https://www.pro-football-reference.com/boxscores/202011010phi.htm,2020,8
630,https://www.pro-football-reference.com/boxscores/202011020nyg.htm,2020,8
631,https://www.pro-football-reference.com/boxscores/202011050sfo.htm,2020,9
632,https://www.pro-football-reference.com/boxscores/202011080atl.htm,2020,9
633,https://www.pro-football-reference.com/boxscores/202011080buf.htm,2020,9
634,https://www.pro-football-reference.com/boxscores/202011080clt.htm,2020,9
635,https://www.pro-football-reference.com/boxscores/202011080jax.htm,2020,9
636,https://www.pro-football-reference.com/boxscores/202011080kan.htm,2020,9
637,https://www.pro-football-reference.com/boxscores/202011080min.htm,2020,9
638,https://www.pro-football-reference.com/boxscores/202011080oti.htm,2020,9
639,https://www.pro-football-reference.com/boxscores/202011080was.htm,2020,9
640,https://www.pro-football-reference.com/boxscores/202011080sdg.htm,2020,9
641,https://www.pro-football-reference.com/boxscores/202011080crd.htm,2020,9
642,https://www.pro-football-reference.com/boxscores/202011080dal.htm,2020,9
643,https://www.pro-football-reference.com/boxscores/202011080tam.htm,2020,9
644,https://www.pro-football-reference.com/boxscores/202011090nyj.htm,2020,9
645,https://www.pro-football-reference.com/boxscores/202011120oti.htm,2020,10
646,https://www.pro-football-reference.com/boxscores/202011150car.htm,2020,10
647,https://www.pro-football-reference.com/boxscores/202011150cle.htm,2020,10
648,https://www.pro-football-reference.com/boxscores/202011150det.htm,2020,10
649,https://www.pro-football-reference.com/boxscores/202011150gnb.htm,2020,10
650,https://www.pro-football-reference.com/boxscores/202011150nyg.htm,2020,10
651,https://www.pro-football-reference.com/boxscores/202011150crd.htm,2020,10
652,https://www.pro-football-reference.com/boxscores/202011150mia.htm,2020,10
653,https://www.pro-football-reference.com/boxscores/202011150rai.htm,2020,10
654,https://www.pro-football-reference.com/boxscores/202011150nor.htm,2020,10
655,https://www.pro-football-reference.com/boxscores/202011150pit.htm,2020,10
656,https://www.pro-football-reference.com/boxscores/202011150ram.htm,2020,10
657,https://www.pro-football-reference.com/boxscores/202011150nwe.htm,2020,10
658,https://www.pro-football-reference.com/boxscores/202011160chi.htm,2020,10
659,https://www.pro-football-reference.com/boxscores/202011190sea.htm,2020,11
660,https://www.pro-football-reference.com/boxscores/202011220car.htm,2020,11
661,https://www.pro-football-reference.com/boxscores/202011220cle.htm,2020,11
662,https://www.pro-football-reference.com/boxscores/202011220htx.htm,2020,11
663,https://www.pro-football-reference.com/boxscores/202011220jax.htm,2020,11
664,https://www.pro-football-reference.com/boxscores/202011220nor.htm,2020,11
665,https://www.pro-football-reference.com/boxscores/202011220rav.htm,2020,11
666,https://www.pro-football-reference.com/boxscores/202011220was.htm,2020,11
667,https://www.pro-football-reference.com/boxscores/202011220den.htm,2020,11
668,https://www.pro-football-reference.com/boxscores/202011220sdg.htm,2020,11
669,https://www.pro-football-reference.com/boxscores/202011220clt.htm,2020,11
670,https://www.pro-football-reference.com/boxscores/202011220min.htm,2020,11
671,https://www.pro-football-reference.com/boxscores/202011220rai.htm,2020,11
672,https://www.pro-football-reference.com/boxscores/202011230tam.htm,2020,11
673,https://www.pro-football-reference.com/boxscores/202011260det.htm,2020,12
674,https://www.pro-football-reference.com/boxscores/202011260dal.htm,2020,12
675,https://www.pro-football-reference.com/boxscores/202011290atl.htm,2020,12
676,https://www.pro-football-reference.com/boxscores/202011290buf.htm,2020,12
677,https://www.pro-football-reference.com/boxscores/202011290cin.htm,2020,12
678,https://www.pro-football-reference.com/boxscores/202011290clt.htm,2020,12
679,https://www.pro-football-reference.com/boxscores/202011290jax.htm,2020,12
680,https://www.pro-football-reference.com/boxscores/202011290min.htm,2020,12
681,https://www.pro-football-reference.com/boxscores/202011290nwe.htm,2020,12
682,https://www.pro-football-reference.com/boxscores/202011290nyj.htm,2020,12
683,https://www.pro-football-reference.com/boxscores/202011290den.htm,2020,12
684,https://www.pro-football-reference.com/boxscores/202011290ram.htm,2020,12
685,https://www.pro-football-reference.com/boxscores/202011290tam.htm,2020,12
686,https://www.pro-football-reference.com/boxscores/202011290gnb.htm,2020,12
687,https://www.pro-football-reference.com/boxscores/202011300phi.htm,2020,12
688,https://www.pro-football-reference.com/boxscores/202012020pit.htm,2020,12
689,https://www.pro-football-reference.com/boxscores/202012060atl.htm,2020,13
690,https://www.pro-football-reference.com/boxscores/202012060chi.htm,2020,13
691,https://www.pro-football-reference.com/boxscores/202012060htx.htm,2020,13
692,https://www.pro-football-reference.com/boxscores/202012060mia.htm,2020,13
693,https://www.pro-football-reference.com/boxscores/202012060min.htm,2020,13
694,https://www.pro-football-reference.com/boxscores/202012060nyj.htm,2020,13
695,https://www.pro-football-reference.com/boxscores/202012060oti.htm,2020,13
696,https://www.pro-football-reference.com/boxscores/202012060crd.htm,2020,13
697,https://www.pro-football-reference.com/boxscores/202012060sea.htm,2020,13
698,https://www.pro-football-reference.com/boxscores/202012060gnb.htm,2020,13
699,https://www.pro-football-reference.com/boxscores/202012060sdg.htm,2020,13
700,https://www.pro-football-reference.com/boxscores/202012060kan.htm,2020,13
701,https://www.pro-football-reference.com/boxscores/202012070pit.htm,2020,13
702,https://www.pro-football-reference.com/boxscores/202012070sfo.htm,2020,13
703,https://www.pro-football-reference.com/boxscores/202012080rav.htm,2020,13
704,https://www.pro-football-reference.com/boxscores/202012100ram.htm,2020,14
705,https://www.pro-football-reference.com/boxscores/202012130car.htm,2020,14
706,https://www.pro-football-reference.com/boxscores/202012130chi.htm,2020,14
707,https://www.pro-football-reference.com/boxscores/202012130cin.htm,2020,14
708,https://www.pro-football-reference.com/boxscores/202012130jax.htm,2020,14
709,https://www.pro-football-reference.com/boxscores/202012130mia.htm,2020,14
710,https://www.pro-football-reference.com/boxscores/202012130nyg.htm,2020,14
711,https://www.pro-football-reference.com/boxscores/202012130tam.htm,2020,14
712,https://www.pro-football-reference.com/boxscores/202012130rai.htm,2020,14
713,https://www.pro-football-reference.com/boxscores/202012130sea.htm,2020,14
714,https://www.pro-football-reference.com/boxscores/202012130det.htm,2020,14
715,https://www.pro-football-reference.com/boxscores/202012130phi.htm,2020,14
716,https://www.pro-football-reference.com/boxscores/202012130sdg.htm,2020,14
717,https://www.pro-football-reference.com/boxscores/202012130sfo.htm,2020,14
718,https://www.pro-football-reference.com/boxscores/202012130buf.htm,2020,14
719,https://www.pro-football-reference.com/boxscores/202012140cle.htm,2020,14
720,https://www.pro-football-reference.com/boxscores/202012170rai.htm,2020,15
721,https://www.pro-football-reference.com/boxscores/202012190den.htm,2020,15
722,https://www.pro-football-reference.com/boxscores/202012190gnb.htm,2020,15
723,https://www.pro-football-reference.com/boxscores/202012200atl.htm,2020,15
724,https://www.pro-football-reference.com/boxscores/202012200clt.htm,2020,15
725,https://www.pro-football-reference.com/boxscores/202012200dal.htm,2020,15
726,https://www.pro-football-reference.com/boxscores/202012200mia.htm,2020,15
727,https://www.pro-football-reference.com/boxscores/202012200min.htm,2020,15
728,https://www.pro-football-reference.com/boxscores/202012200oti.htm,2020,15
729,https://www.pro-football-reference.com/boxscores/202012200rav.htm,2020,15
730,https://www.pro-football-reference.com/boxscores/202012200was.htm,2020,15
731,https://www.pro-football-reference.com/boxscores/202012200crd.htm,2020,15
732,https://www.pro-football-reference.com/boxscores/202012200ram.htm,2020,15
733,https://www.pro-football-reference.com/boxscores/202012200nor.htm,2020,15
734,https://www.pro-football-reference.com/boxscores/202012200nyg.htm,2020,15
735,https://www.pro-football-reference.com/boxscores/202012210cin.htm,2020,15
736,https://www.pro-football-reference.com/boxscores/202012250nor.htm,2020,16
737,https://www.pro-football-reference.com/boxscores/202012260det.htm,2020,16
738,https://www.pro-football-reference.com/boxscores/202012260crd.htm,2020,16
739,https://www.pro-football-reference.com/boxscores/202012260rai.htm,2020,16
740,https://www.pro-football-reference.com/boxscores/202012270htx.htm,2020,16
741,https://www.pro-football-reference.com/boxscores/202012270jax.htm,2020,16
742,https://www.pro-football-reference.com/boxscores/202012270kan.htm,2020,16
743,https://www.pro-football-reference.com/boxscores/202012270nyj.htm,2020,16
744,https://www.pro-football-reference.com/boxscores/202012270pit.htm,2020,16
745,https://www.pro-football-reference.com/boxscores/202012270rav.htm,2020,16
746,https://www.pro-football-reference.com/boxscores/202012270sdg.htm,2020,16
747,https://www.pro-football-reference.com/boxscores/202012270was.htm,2020,16
748,https://www.pro-football-reference.com/boxscores/202012270dal.htm,2020,16
749,https://www.pro-football-reference.com/boxscores/202012270sea.htm,2020,16
750,https://www.pro-football-reference.com/boxscores/202012270gnb.htm,2020,16
751,https://www.pro-football-reference.com/boxscores/202012280nwe.htm,2020,16
752,https://www.pro-football-reference.com/boxscores/202101030buf.htm,2020,17
753,https://www.pro-football-reference.com/boxscores/202101030cin.htm,2020,17
754,https://www.pro-football-reference.com/boxscores/202101030cle.htm,2020,17
755,https://www.pro-football-reference.com/boxscores/202101030det.htm,2020,17
756,https://www.pro-football-reference.com/boxscores/202101030nwe.htm,2020,17
757,https://www.pro-football-reference.com/boxscores/202101030nyg.htm,2020,17
758,https://www.pro-football-reference.com/boxscores/202101030tam.htm,2020,17
759,https://www.pro-football-reference.com/boxscores/202101030car.htm,2020,17
760,https://www.pro-football-reference.com/boxscores/202101030chi.htm,2020,17
761,https://www.pro-football-reference.com/boxscores/202101030clt.htm,2020,17
762,https://www.pro-football-reference.com/boxscores/202101030den.htm,2020,17
763,https://www.pro-football-reference.com/boxscores/202101030htx.htm,2020,17
764,https://www.pro-football-reference.com/boxscores/202101030kan.htm,2020,17
765,https://www.pro-football-reference.com/boxscores/202101030ram.htm,2020,17
766,https://www.pro-football-reference.com/boxscores/202101030sfo.htm,2020,17
767,https://www.pro-football-reference.com/boxscores/202101030phi.htm,2020,17
768,https://www.pro-football-reference.com/boxscores/202109090tam.htm,2021,1
769,https://www.pro-football-reference.com/boxscores/202109120atl.htm,2021,1
770,https://www.pro-football-reference.com/boxscores/202109120buf.htm,2021,1
771,https://www.pro-football-reference.com/boxscores/202109120car.htm,2021,1
772,https://www.pro-football-reference.com/boxscores/202109120cin.htm,2021,1
773,https://www.pro-football-reference.com/boxscores/202109120clt.htm,2021,1
774,https://www.pro-football-reference.com/boxscores/202109120det.htm,2021,1
775,https://www.pro-football-reference.com/boxscores/202109120htx.htm,2021,1
776,https://www.pro-football-reference.com/boxscores/202109120oti.htm,2021,1
777,https://www.pro-football-reference.com/boxscores/202109120was.htm,2021,1
778,https://www.pro-football-reference.com/boxscores/202109120kan.htm,2021,1
779,https://www.pro-football-reference.com/boxscores/202109120nor.htm,2021,1
780,https://www.pro-football-reference.com/boxscores/202109120nwe.htm,2021,1
781,https://www.pro-football-reference.com/boxscores/202109120nyg.htm,2021,1
782,https://www.pro-football-reference.com/boxscores/202109120ram.htm,2021,1
783,https://www.pro-football-reference.com/boxscores/202109130rai.htm,2021,1
784,https://www.pro-football-reference.com/boxscores/202109160was.htm,2021,2
785,https://www.pro-football-reference.com/boxscores/202109190car.htm,2021,2
786,https://www.pro-football-reference.com/boxscores/202109190chi.htm,2021,2
787,https://www.pro-football-reference.com/boxscores/202109190cle.htm,2021,2
788,https://www.pro-football-reference.com/boxscores/202109190clt.htm,2021,2
789,https://www.pro-football-reference.com/boxscores/202109190jax.htm,2021,2
790,https://www.pro-football-reference.com/boxscores/202109190mia.htm,2021,2
791,https://www.pro-football-reference.com/boxscores/202109190nyj.htm,2021,2
792,https://www.pro-football-reference.com/boxscores/202109190phi.htm,2021,2
793,https://www.pro-football-reference.com/boxscores/202109190pit.htm,2021,2
794,https://www.pro-football-reference.com/boxscores/202109190crd.htm,2021,2
795,https://www.pro-football-reference.com/boxscores/202109190tam.htm,2021,2
796,https://www.pro-football-reference.com/boxscores/202109190sdg.htm,2021,2
797,https://www.pro-football-reference.com/boxscores/202109190sea.htm,2021,2
798,https://www.pro-football-reference.com/boxscores/202109190rav.htm,2021,2
799,https://www.pro-football-reference.com/boxscores/202109200gnb.htm,2021,2
800,https://www.pro-football-reference.com/boxscores/202109230htx.htm,2021,3
801,https://www.pro-football-reference.com/boxscores/202109260buf.htm,2021,3
802,https://www.pro-football-reference.com/boxscores/202109260cle.htm,2021,3
803,https://www.pro-football-reference.com/boxscores/202109260det.htm,2021,3
804,https://www.pro-football-reference.com/boxscores/202109260jax.htm,2021,3
805,https://www.pro-football-reference.com/boxscores/202109260kan.htm,2021,3
806,https://www.pro-football-reference.com/boxscores/202109260nwe.htm,2021,3
807,https://www.pro-football-reference.com/boxscores/202109260nyg.htm,2021,3
808,https://www.pro-football-reference.com/boxscores/202109260oti.htm,2021,3
809,https://www.pro-football-reference.com/boxscores/202109260pit.htm,2021,3
810,https://www.pro-football-reference.com/boxscores/202109260den.htm,2021,3
811,https://www.pro-football-reference.com/boxscores/202109260rai.htm,2021,3
812,https://www.pro-football-reference.com/boxscores/202109260min.htm,2021,3
813,https://www.pro-football-reference.com/boxscores/202109260ram.htm,2021,3
814,https://www.pro-football-reference.com/boxscores/202109260sfo.htm,2021,3
815,https://www.pro-football-reference.com/boxscores/202109270dal.htm,2021,3
816,https://www.pro-football-reference.com/boxscores/202109300cin.htm,2021,4
817,https://www.pro-football-reference.com/boxscores/202110030atl.htm,2021,4
818,https://www.pro-football-reference.com/boxscores/202110030buf.htm,2021,4
819,https://www.pro-football-reference.com/boxscores/202110030chi.htm,2021,4
820,https://www.pro-football-reference.com/boxscores/202110030dal.htm,2021,4
821,https://www.pro-football-reference.com/boxscores/202110030mia.htm,2021,4
822,https://www.pro-football-reference.com/boxscores/202110030min.htm,2021,4
823,https://www.pro-football-reference.com/boxscores/202110030nor.htm,2021,4
824,https://www.pro-football-reference.com/boxscores/202110030nyj.htm,2021,4
825,https://www.pro-football-reference.com/boxscores/202110030phi.htm,2021,4
826,https://www.pro-football-reference.com/boxscores/202110030ram.htm,2021,4
827,https://www.pro-football-reference.com/boxscores/202110030sfo.htm,2021,4
828,https://www.pro-football-reference.com/boxscores/202110030den.htm,2021,4
829,https://www.pro-football-reference.com/boxscores/202110030gnb.htm,2021,4
830,https://www.pro-football-reference.com/boxscores/202110030nwe.htm,2021,4
831,https://www.pro-football-reference.com/boxscores/202110040sdg.htm,2021,4
832,https://www.pro-football-reference.com/boxscores/202110070sea.htm,2021,5
833,https://www.pro-football-reference.com/boxscores/202110100atl.htm,2021,5
834,https://www.pro-football-reference.com/boxscores/202110100car.htm,2021,5
835,https://www.pro-football-reference.com/boxscores/202110100cin.htm,2021,5
836,https://www.pro-football-reference.com/boxscores/202110100htx.htm,2021,5
837,https://www.pro-football-reference.com/boxscores/202110100jax.htm,2021,5
838,https://www.pro-football-reference.com/boxscores/202110100min.htm,2021,5
839,https://www.pro-football-reference.com/boxscores/202110100pit.htm,2021,5
840,https://www.pro-football-reference.com/boxscores/202110100tam.htm,2021,5
841,https://www.pro-football-reference.com/boxscores/202110100was.htm,2021,5
842,https://www.pro-football-reference.com/boxscores/202110100rai.htm,2021,5
843,https://www.pro-football-reference.com/boxscores/202110100sdg.htm,2021,5
844,https://www.pro-football-reference.com/boxscores/202110100crd.htm,2021,5
845,https://www.pro-football-reference.com/boxscores/202110100dal.htm,2021,5
846,https://www.pro-football-reference.com/boxscores/202110100kan.htm,2021,5
847,https://www.pro-football-reference.com/boxscores/202110110rav.htm,2021,5
848,https://www.pro-football-reference.com/boxscores/202110140phi.htm,2021,6
849,https://www.pro-football-reference.com/boxscores/202110170jax.htm,2021,6
850,https://www.pro-football-reference.com/boxscores/202110170car.htm,2021,6
851,https://www.pro-football-reference.com/boxscores/202110170chi.htm,2021,6
852,https://www.pro-football-reference.com/boxscores/202110170clt.htm,2021,6
853,https://www.pro-football-reference.com/boxscores/202110170det.htm,2021,6
854,https://www.pro-football-reference.com/boxscores/202110170nyg.htm,2021,6
855,https://www.pro-football-reference.com/boxscores/202110170rav.htm,2021,6
856,https://www.pro-football-reference.com/boxscores/202110170was.htm,2021,6
857,https://www.pro-football-reference.com/boxscores/202110170cle.htm,2021,6
858,https://www.pro-football-reference.com/boxscores/202110170den.htm,2021,6
859,https://www.pro-football-reference.com/boxscores/202110170nwe.htm,2021,6
860,https://www.pro-football-reference.com/boxscores/202110170pit.htm,2021,6
861,https://www.pro-football-reference.com/boxscores/202110180oti.htm,2021,6
862,https://www.pro-football-reference.com/boxscores/202110210cle.htm,2021,7
863,https://www.pro-football-reference.com/boxscores/202110240gnb.htm,2021,7
864,https://www.pro-football-reference.com/boxscores/202110240mia.htm,2021,7
865,https://www.pro-football-reference.com/boxscores/202110240nwe.htm,2021,7
866,https://www.pro-football-reference.com/boxscores/202110240nyg.htm,2021,7
867,https://www.pro-football-reference.com/boxscores/202110240oti.htm,2021,7
868,https://www.pro-football-reference.com/boxscores/202110240rav.htm,2021,7
869,https://www.pro-football-reference.com/boxscores/202110240rai.htm,2021,7
870,https://www.pro-football-reference.com/boxscores/202110240ram.htm,2021,7
871,https://www.pro-football-reference.com/boxscores/202110240crd.htm,2021,7
872,https://www.pro-football-reference.com/boxscores/202110240tam.htm,2021,7
873,https://www.pro-football-reference.com/boxscores/202110240sfo.htm,2021,7
874,https://www.pro-football-reference.com/boxscores/202110250sea.htm,2021,7
875,https://www.pro-football-reference.com/boxscores/202110280crd.htm,2021,8
876,https://www.pro-football-reference.com/boxscores/202110310atl.htm,2021,8
877,https://www.pro-football-reference.com/boxscores/202110310buf.htm,2021,8
878,https://www.pro-football-reference.com/boxscores/202110310chi.htm,2021,8
879,https://www.pro-football-reference.com/boxscores/202110310cle.htm,2021,8
880,https://www.pro-football-reference.com/boxscores/202110310clt.htm,2021,8
881,https://www.pro-football-reference.com/boxscores/202110310det.htm,2021,8
882,https://www.pro-football-reference.com/boxscores/202110310htx.htm,2021,8
883,https://www.pro-football-reference.com/boxscores/202110310nyj.htm,2021,8
884,https://www.pro-football-reference.com/boxscores/202110310sdg.htm,2021,8
885,https://www.pro-football-reference.com/boxscores/202110310sea.htm,2021,8
886,https://www.pro-football-reference.com/boxscores/202110310den.htm,2021,8
887,https://www.pro-football-reference.com/boxscores/202110310nor.htm,2021,8
888,https://www.pro-football-reference.com/boxscores/202110310min.htm,2021,8
889,https://www.pro-football-reference.com/boxscores/202111010kan.htm,2021,8
890,https://www.pro-football-reference.com/boxscores/202111040clt.htm,2021,9
891,https://www.pro-football-reference.com/boxscores/202111070car.htm,2021,9
892,https://www.pro-football-reference.com/boxscores/202111070cin.htm,2021,9
893,https://www.pro-football-reference.com/boxscores/202111070dal.htm,2021,9
894,https://www.pro-football-reference.com/boxscores/202111070jax.htm,2021,9
895,https://www.pro-football-reference.com/boxscores/202111070mia.htm,2021,9
896,https://www.pro-football-reference.com/boxscores/202111070nor.htm,2021,9
897,https://www.pro-football-reference.com/boxscores/202111070nyg.htm,2021,9
898,https://www.pro-football-reference.com/boxscores/202111070rav.htm,2021,9
899,https://www.pro-football-reference.com/boxscores/202111070phi.htm,2021,9
900,https://www.pro-football-reference.com/boxscores/202111070kan.htm,2021,9
901,https://www.pro-football-reference.com/boxscores/202111070sfo.htm,2021,9
902,https://www.pro-football-reference.com/boxscores/202111070ram.htm,2021,9
903,https://www.pro-football-reference.com/boxscores/202111080pit.htm,2021,9
904,https://www.pro-football-reference.com/boxscores/202111110mia.htm,2021,10
905,https://www.pro-football-reference.com/boxscores/202111140clt.htm,2021,10
906,https://www.pro-football-reference.com/boxscores/202111140dal.htm,2021,10
907,https://www.pro-football-reference.com/boxscores/202111140nwe.htm,2021,10
908,https://www.pro-football-reference.com/boxscores/202111140nyj.htm,2021,10
909,https://www.pro-football-reference.com/boxscores/202111140oti.htm,2021,10
910,https://www.pro-football-reference.com/boxscores/202111140pit.htm,2021,10
911,https://www.pro-football-reference.com/boxscores/202111140was.htm,2021,10
912,https://www.pro-football-reference.com/boxscores/202111140crd.htm,2021,10
913,https://www.pro-football-reference.com/boxscores/202111140sdg.htm,2021,10
914,https://www.pro-football-reference.com/boxscores/202111140den.htm,2021,10
915,https://www.pro-football-reference.com/boxscores/202111140gnb.htm,2021,10
916,https://www.pro-football-reference.com/boxscores/202111140rai.htm,2021,10
917,https://www.pro-football-reference.com/boxscores/202111150sfo.htm,2021,10
918,https://www.pro-football-reference.com/boxscores/202111180atl.htm,2021,11
919,https://www.pro-football-reference.com/boxscores/202111210buf.htm,2021,11
920,https://www.pro-football-reference.com/boxscores/202111210car.htm,2021,11
921,https://www.pro-football-reference.com/boxscores/202111210chi.htm,2021,11
922,https://www.pro-football-reference.com/boxscores/202111210cle.htm,2021,11
923,https://www.pro-football-reference.com/boxscores/202111210jax.htm,2021,11
924,https://www.pro-football-reference.com/boxscores/202111210min.htm,2021,11
925,https://www.pro-football-reference.com/boxscores/202111210nyj.htm,2021,11
926,https://www.pro-football-reference.com/boxscores/202111210oti.htm,2021,11
927,https://www.pro-football-reference.com/boxscores/202111210phi.htm,2021,11
928,https://www.pro-football-reference.com/boxscores/202111210rai.htm,2021,11
929,https://www.pro-football-reference.com/boxscores/202111210kan.htm,2021,11
930,https://www.pro-football-reference.com/boxscores/202111210sea.htm,2021,11
931,https://www.pro-football-reference.com/boxscores/202111210sdg.htm,2021,11
932,https://www.pro-football-reference.com/boxscores/202111220tam.htm,2021,11
933,https://www.pro-football-reference.com/boxscores/202111250det.htm,2021,12
934,https://www.pro-football-reference.com/boxscores/202111250dal.htm,2021,12
935,https://www.pro-football-reference.com/boxscores/202111250nor.htm,2021,12
936,https://www.pro-football-reference.com/boxscores/202111280cin.htm,2021,12
937,https://www.pro-football-reference.com/boxscores/202111280clt.htm,2021,12
938,https://www.pro-football-reference.com/boxscores/202111280htx.htm,2021,12
939,https://www.pro-football-reference.com/boxscores/202111280jax.htm,2021,12
940,https://www.pro-football-reference.com/boxscores/202111280mia.htm,2021,12
941,https://www.pro-football-reference.com/boxscores/202111280nwe.htm,2021,12
942,https://www.pro-football-reference.com/boxscores/202111280nyg.htm,2021,12
943,https://www.pro-football-reference.com/boxscores/202111280den.htm,2021,12
944,https://www.pro-football-reference.com/boxscores/202111280gnb.htm,2021,12
945,https://www.pro-football-reference.com/boxscores/202111280sfo.htm,2021,12
946,https://www.pro-football-reference.com/boxscores/202111280rav.htm,2021,12
947,https://www.pro-football-reference.com/boxscores/202111290was.htm,2021,12
948,https://www.pro-football-reference.com/boxscores/202112020nor.htm,2021,13
949,https://www.pro-football-reference.com/boxscores/202112050atl.htm,2021,13
950,https://www.pro-football-reference.com/boxscores/202112050chi.htm,2021,13
951,https://www.pro-football-reference.com/boxscores/202112050cin.htm,2021,13
952,https://www.pro-football-reference.com/boxscores/202112050det.htm,2021,13
953,https://www.pro-football-reference.com/boxscores/202112050htx.htm,2021,13
954,https://www.pro-football-reference.com/boxscores/202112050mia.htm,2021,13
955,https://www.pro-football-reference.com/boxscores/202112050nyj.htm,2021,13
956,https://www.pro-football-reference.com/boxscores/202112050sea.htm,2021,13
957,https://www.pro-football-reference.com/boxscores/202112050rai.htm,2021,13
958,https://www.pro-football-reference.com/boxscores/202112050pit.htm,2021,13
959,https://www.pro-football-reference.com/boxscores/202112050ram.htm,2021,13
960,https://www.pro-football-reference.com/boxscores/202112050kan.htm,2021,13
961,https://www.pro-football-reference.com/boxscores/202112060buf.htm,2021,13
962,https://www.pro-football-reference.com/boxscores/202112090min.htm,2021,14
963,https://www.pro-football-reference.com/boxscores/202112120car.htm,2021,14
964,https://www.pro-football-reference.com/boxscores/202112120cin.htm,2021,14
965,https://www.pro-football-reference.com/boxscores/202112120cle.htm,2021,14
966,https://www.pro-football-reference.com/boxscores/202112120htx.htm,2021,14
967,https://www.pro-football-reference.com/boxscores/202112120kan.htm,2021,14
968,https://www.pro-football-reference.com/boxscores/202112120nyj.htm,2021,14
969,https://www.pro-football-reference.com/boxscores/202112120oti.htm,2021,14
970,https://www.pro-football-reference.com/boxscores/202112120was.htm,2021,14
971,https://www.pro-football-reference.com/boxscores/202112120den.htm,2021,14
972,https://www.pro-football-reference.com/boxscores/202112120sdg.htm,2021,14
973,https://www.pro-football-reference.com/boxscores/202112120tam.htm,2021,14
974,https://www.pro-football-reference.com/boxscores/202112120gnb.htm,2021,14
975,https://www.pro-football-reference.com/boxscores/202112130crd.htm,2021,14
976,https://www.pro-football-reference.com/boxscores/202112160sdg.htm,2021,15
977,https://www.pro-football-reference.com/boxscores/202112180clt.htm,2021,15
978,https://www.pro-football-reference.com/boxscores/202112190buf.htm,2021,15
979,https://www.pro-football-reference.com/boxscores/202112190det.htm,2021,15
980,https://www.pro-football-reference.com/boxscores/202112190jax.htm,2021,15
981,https://www.pro-football-reference.com/boxscores/202112190mia.htm,2021,15
982,https://www.pro-football-reference.com/boxscores/202112190nyg.htm,2021,15
983,https://www.pro-football-reference.com/boxscores/202112190pit.htm,2021,15
984,https://www.pro-football-reference.com/boxscores/202112190rav.htm,2021,15
985,https://www.pro-football-reference.com/boxscores/202112190den.htm,2021,15
986,https://www.pro-football-reference.com/boxscores/202112190sfo.htm,2021,15
987,https://www.pro-football-reference.com/boxscores/202112190tam.htm,2021,15
988,https://www.pro-football-reference.com/boxscores/202112200cle.htm,2021,15
989,https://www.pro-football-reference.com/boxscores/202112200chi.htm,2021,15
990,https://www.pro-football-reference.com/boxscores/202112210phi.htm,2021,15
991,https://www.pro-football-reference.com/boxscores/202112210ram.htm,2021,15
992,https://www.pro-football-reference.com/boxscores/202112230oti.htm,2021,16
993,https://www.pro-football-reference.com/boxscores/202112250gnb.htm,2021,16
994,https://www.pro-football-reference.com/boxscores/202112250crd.htm,2021,16
995,https://www.pro-football-reference.com/boxscores/202112260atl.htm,2021,16
996,https://www.pro-football-reference.com/boxscores/202112260car.htm,2021,16
997,https://www.pro-football-reference.com/boxscores/202112260cin.htm,2021,16
998,https://www.pro-football-reference.com/boxscores/202112260htx.htm,2021,16
999,https://www.pro-football-reference.com/boxscores/202112260min.htm,2021,16
1000,https://www.pro-football-reference.com/boxscores/202112260nwe.htm,2021,16
1001,https://www.pro-football-reference.com/boxscores/202112260nyj.htm,2021,16
1002,https://www.pro-football-reference.com/boxscores/202112260phi.htm,2021,16
1003,https://www.pro-football-reference.com/boxscores/202112260sea.htm,2021,16
1004,https://www.pro-football-reference.com/boxscores/202112260kan.htm,2021,16
1005,https://www.pro-football-reference.com/boxscores/202112260rai.htm,2021,16
1006,https://www.pro-football-reference.com/boxscores/202112260dal.htm,2021,16
1007,https://www.pro-football-reference.com/boxscores/202112270nor.htm,2021,16
1008,https://www.pro-football-reference.com/boxscores/202201020buf.htm,2021,17
1009,https://www.pro-football-reference.com/boxscores/202201020chi.htm,2021,17
1010,https://www.pro-football-reference.com/boxscores/202201020cin.htm,2021,17
1011,https://www.pro-football-reference.com/boxscores/202201020clt.htm,2021,17
1012,https://www.pro-football-reference.com/boxscores/202201020dal.htm,2021,17
1013,https://www.pro-football-reference.com/boxscores/202201020nor.htm,2021,17
1014,https://www.pro-football-reference.com/boxscores/202201020nwe.htm,2021,17
1015,https://www.pro-football-reference.com/boxscores/202201020nyj.htm,2021,17
1016,https://www.pro-football-reference.com/boxscores/202201020oti.htm,2021,17
1017,https://www.pro-football-reference.com/boxscores/202201020was.htm,2021,17
1018,https://www.pro-football-reference.com/boxscores/202201020sdg.htm,2021,17
1019,https://www.pro-football-reference.com/boxscores/202201020sfo.htm,2021,17
1020,https://www.pro-football-reference.com/boxscores/202201020rav.htm,2021,17
1021,https://www.pro-football-reference.com/boxscores/202201020sea.htm,2021,17
1022,https://www.pro-football-reference.com/boxscores/202201020gnb.htm,2021,17
1023,https://www.pro-football-reference.com/boxscores/202201030pit.htm,2021,17
1024,https://www.pro-football-reference.com/boxscores/202201080den.htm,2021,18
1025,https://www.pro-football-reference.com/boxscores/202201080phi.htm,2021,18
1026,https://www.pro-football-reference.com/boxscores/202201090atl.htm,2021,18
1027,https://www.pro-football-reference.com/boxscores/202201090buf.htm,2021,18
1028,https://www.pro-football-reference.com/boxscores/202201090cle.htm,2021,18
1029,https://www.pro-football-reference.com/boxscores/202201090det.htm,2021,18
1030,https://www.pro-football-reference.com/boxscores/202201090htx.htm,2021,18
1031,https://www.pro-football-reference.com/boxscores/202201090jax.htm,2021,18
1032,https://www.pro-football-reference.com/boxscores/202201090mia.htm,2021,18
1033,https://www.pro-football-reference.com/boxscores/202201090min.htm,2021,18
1034,https://www.pro-football-reference.com/boxscores/202201090nyg.htm,2021,18
1035,https://www.pro-football-reference.com/boxscores/202201090rav.htm,2021,18
1036,https://www.pro-football-reference.com/boxscores/202201090tam.htm,2021,18
1037,https://www.pro-football-reference.com/boxscores/202201090crd.htm,2021,18
1038,https://www.pro-football-reference.com/boxscores/202201090ram.htm,2021,18
1039,https://www.pro-football-reference.com/boxscores/202201090rai.htm,2021,18
